==B5========= SCRT SUB-CAPACITY MVM REPORT - IBM Corp ====================,,,,,,,,,,,,,,,,,,,,,,,,,
xxxan,,,,,,,,,,,,,,,,,,,,,,,,,
Run Date/Time,07 Sep 2022 - 10:22,,,,,,,,,,,,,,,,,,,,,,,,
Customer Number,DE-S049458822,,,,,,,,,,,,,,,,,,,,,,,,
Machine Serial Number,84-28BD8,,,,,,,,,,,,,,,,,,,,,,,,
Machine Type and Model,3906-787,,,,,,,,,,,,,,,,,,,,,,,,
Machine Rated Capacity (MSUs),10198,,,,,,,,,,,,,,,,,,,,,,,,
Machine Peak Utilization,52,,,,,,,,,,,,,,,,,,,,,,,,
Machine MSU Consumed,16889,,,,,,,,,,,,,,,,,,,,,,,,
Purchase Order Number,(optional),,,,,,,,,,,,,,,,,,,,,,,,
Customer Comments (255 chars max),(optional),,,,,,,,,,,,,,,,,,,,,,,,
xxxan,,,,,,,,,,,,,,,,,,,,,,,,,
"For recurring charge (MLC) products, the data supplied in this report will be used to adjust",,,,,,,,,,,,,,,,,,,,,,,,,
the billable MSUs in inventory for all MLC Products listed under the MLC Product Name,,,,,,,,,,,,,,,,,,,,,,,,,
"column on this report.  In accordance with our agreement, IBM will treat a change in product",,,,,,,,,,,,,,,,,,,,,,,,,
"licensed capacity as an order.  If the MSUs have changed since the last report, software billing",,,,,,,,,,,,,,,,,,,,,,,,,
based on inventory MSUs will increase or decrease accordingly.,,,,,,,,,,,,,,,,,,,,,,,,,
xxxan,,,,,,,,,,,,,,,,,,,,,,,,,
"For One Time Charge (IPLA) products, the data supplied in this report will be used to",,,,,,,,,,,,,,,,,,,,,,,,,
bill those IPLA products listed under the IPLA Product Name column in this report which,,,,,,,,,,,,,,,,,,,,,,,,,
"exceed your entitled capacity. In accordance with our agreement, IBM will treat the use",,,,,,,,,,,,,,,,,,,,,,,,,
of a product in excess of its entitled capacity as an order and you will be billed for,,,,,,,,,,,,,,,,,,,,,,,,,
the amount in excess of your entitlement.,,,,,,,,,,,,,,,,,,,,,,,,,
xxxan,,,,,,,,,,,,,,,,,,,,,,,,,
==C5===============================================================,,,,,,,,,,,,,,,,,,,,,,,,,
TOOL INFORMATION,,,,,,,,,,,,,,,,,,,,,,,,,
xxxan,,,,,,,,,,,,,,,,,,,,,,,,,
Tool Release,28.2.4,,,,,,,,,,,,,,,,,,,,,,,,
Reporting Period,"2 Aug, 2022 - 1 Sep, 2022 inclusive (31 days)",,,,,,,,,,,,,,,,,,,,,,,,
xxxan,,,,,,,,,,,,,,,,,,,,,,,,,
==E5===============================================================,,,,,,,,,,,,,,,,,,,,,,,,,
PRODUCT SUMMARY INFORMATION,,,,,,,,,,,,,,,,,,,,,,,,,
xxxan,,,,,,,,,,,,,,,,,,,,,,,,,
MLC Product Name,MLC Product ID,Tool MSUs,Customer MSUs,Customer Comments (255 chars max),,,,,,,,,,,,,,,,,,,,,
xxxan,,,,,,,,,,,,,,,,,,,,,,,,,
z/OS V2,5650-ZOS,52,,,,,,,,,,,,,,,,,,,,,,,
DB2 12 for z/OS,5650-DB2,51,,,,,,,,,,,,,,,,,,,,,,,
CICS TS for z/OS V5,5655-Y04,51,,,,,,,,,,,,,,,,,,,,,,,
IBM MQ for z/OS V9,5655-MQ9,51,,,,,,,,,,,,,,,,,,,,,,,
Tivoli NetView for z/OS V6,5697-NV6,52,(optional),(conditional),,,,,,,,,,,,,,,,,,,,,
COBOL,(All),52,,,,,,,,,,,,,,,,,,,,,,,
Enterprise COBOL for z/OS V6,5655-EC6,44,,,,,,,,,,,,,,,,,,,,,,,
IBM Enterprise Cobol for z/OS V4,5655-S71,52,(optional),(conditional),,,,,,,,,,,,,,,,,,,,,
IBM Enterprise PL/I for z/OS V4,5655-W67,52,(optional),(conditional),,,,,,,,,,,,,,,,,,,,,
xxxan,,,,,,,,,,,,,,,,,,,,,,,,,
IPLA Product Name,IPLA Product ID,Tool MSUs,Customer MSUs,Customer Comments (255 chars max),,,,,,,,,,,,,,,,,,,,,
xxxan,,,,,,,,,,,,,,,,,,,,,,,,,
Tivoli Workload Scheduler,(All),52,,,,,,,,,,,,,,,,,,,,,,,
Tivoli Workload Scheduler for z/OS V9,5698-T08,52,(optional),(conditional),,,,,,,,,,,,,,,,,,,,,
IBM Tivoli Workload Scheduler for Host Edition V8,5698-A17,52,(optional),(conditional),,,,,,,,,,,,,,,,,,,,,
Debug Tool Utilities and Adv Functions for z/OS V8,5655-S16,52,(optional),(conditional),,,,,,,,,,,,,,,,,,,,,
File Manager for z/OS V7,5655-R47,52,(optional),(conditional),,,,,,,,,,,,,,,,,,,,,
IBM Tivoli Monitoring for Network Performance V2,5698-FNP,52,(optional),(conditional),,,,,,,,,,,,,,,,,,,,,
IBM Tivoli System Automation for z/OS V4,5698-SA4,52,(optional),(conditional),,,,,,,,,,,,,,,,,,,,,
IBM WebSphere MQ Integrator Broker for z/OS V2,5655-I58,52,(optional),(conditional),,,,,,,,,,,,,,,,,,,,,
IBM WebSphere MQ Integrator for z/OS V2,5655-G97,52,(optional),(conditional),,,,,,,,,,,,,,,,,,,,,
Tivoli OMEGAMON XE for Messaging V7,5698-B23,52,(optional),(conditional),,,,,,,,,,,,,,,,,,,,,
Automated Tape Alloc Manager for z/OS V1,5697-H62,52,(optional),(conditional),,,,,,,,,,,,,,,,,,,,,
IBM Application Delivery Foundation for z Systems V3,5655-AC6,51,,,,,,,,,,,,,,,,,,,,,,,
IPLA COBOL-Based,(All),52,,,,,,,,,,,,,,,,,,,,,,,
z/OS Unreduced,(All),52,,,,,,,,,,,,,,,,,,,,,,,
xxxan,,,,,,,,,,,,,,,,,,,,,,,,,
==F5===============================================================,,,,,,,,,,,,,,,,,,,,,,,,,
PRODUCT FEATURES,,,,,,,,,,,,,,,,,,,,,,,,,
xxxan,,,,,,,,,,,,,,,,,,,,,,,,,
Product Name,Product ID,Entitlement ID,Feature Name,,,,,,,,,,,,,,,,,,,,,,
xxxan,,,,,,,,,,,,,,,,,,,,,,,,,
z/OS V2,5650-ZOS,S017290,z/OS V2 DFSMS dss,,,,,,,,,,,,,,,,,,,,,,
z/OS V2,5650-ZOS,S017291,z/OS V2 DFSMS dsshsm,,,,,,,,,,,,,,,,,,,,,,
z/OS V2,5650-ZOS,S017292,z/OS V2 DFSMS rmm,,,,,,,,,,,,,,,,,,,,,,
z/OS V2,5650-ZOS,S017294,z/OS V2 DFSORT,,,,,,,,,,,,,,,,,,,,,,
z/OS V2,5650-ZOS,S01729C,z/OS V2 RMF,,,,,,,,,,,,,,,,,,,,,,
z/OS V2,5650-ZOS,S01729D,z/OS V2 SDSF,,,,,,,,,,,,,,,,,,,,,,
z/OS V2,5650-ZOS,S01729F,z/OS V2 Security Server,,,,,,,,,,,,,,,,,,,,,,
xxxan,,,,,,,,,,,,,,,,,,,,,,,,,
OTHER REPORTABLE FEATURES,,,,,,,,,,,,,,,,,,,,,,,,,
xxxan,,,,,,,,,,,,,,,,,,,,,,,,,
Product Name,Product Id,Feature Name,,,,,,,,,,,,,,,,,,,,,,,
xxxan,,,,,,,,,,,,,,,,,,,,,,,,,
z/OS V2,5650-ZOS,JES2,,,,,,,,,,,,,,,,,,,,,,,
z/OS V2,5650-ZOS,RACF,,,,,,,,,,,,,,,,,,,,,,,
z/OS V2,5650-ZOS,TCP/IP BASE,,,,,,,,,,,,,,,,,,,,,,,
z/OS V2,5650-ZOS,TCP/IP CICS,,,,,,,,,,,,,,,,,,,,,,,
xxxan,,,,,,,,,,,,,,,,,,,,,,,,,
==G8===============================================================,,,,,,,,,,,,,,,,,,,,,,,,,
HOURS WITH BOOST ACTIVITY,,,,,,,,,,,,,,,,,,,,,,,,,
xxxan,,,,,,,,,,,,,,,,,,,,,,,,,
NO BOOST ACTIVITY,,,,,,,,,,,,,,,,,,,,,,,,,
xxxan,,,,,,,,,,,,,,,,,,,,,,,,,
==H4===============================================================,,,,,,,,,,,,,,,,,,,,,,,,,
MISSING LPAR DATA DETAILS,,,,,,,,,,,,,,,,,,,,,,,,,
xxxan,,,,,,,,,,,,,,,,,,,,,,,,,
LPARs with unmatched SMF70 and SMF89 records,Detected,,Resolved (missing hours),,Est Peak MSU,,Justification for low data collection (255 chars max),,,,,,,,,,,,,,,,,,
xxxCECC0PD,09 Aug 2022 - 15:00,,09 Aug 2022 - 16:00 (1 hours),,1,,1 hour missing data (no SMF70 data collected),,,,,,,,,,,,,,,,,,
xxxan,,,,,,,,,,,,,,,,,,,,,,,,,
Active LPARs with no SMF/SCRT89 records,Detected,,Resolved (missing hours),,Est Peak MSU,,Justification for low data collection (255 chars max),,,,,,,,,,,,,,,,,,
xxxCECC0P1,02 Aug 2022 - 00:00,,02 Sep 2022 - 00:00 (744 hours),,3725,,(required),,,,,,,,,,,,,,,,,,
xxxCECC0P2,02 Aug 2022 - 00:00,,02 Sep 2022 - 00:00 (744 hours),,150,,(required),,,,,,,,,,,,,,,,,,
xxxCECC0P8,02 Aug 2022 - 00:00,,02 Sep 2022 - 00:00 (744 hours),,28,,(required),,,,,,,,,,,,,,,,,,
xxxCECC0P9,02 Aug 2022 - 00:00,,02 Sep 2022 - 00:00 (744 hours),,5,,(required),,,,,,,,,,,,,,,,,,
xxxCECC0PF,02 Aug 2022 - 00:00,,02 Sep 2022 - 00:00 (744 hours),,6,,(required),,,,,,,,,,,,,,,,,,
xxxCECC2P1,02 Aug 2022 - 00:00,,02 Sep 2022 - 00:00 (744 hours),,9,,(required),,,,,,,,,,,,,,,,,,
xxxCECC2P3,02 Aug 2022 - 00:00,,02 Sep 2022 - 00:00 (744 hours),,44,,(required),,,,,,,,,,,,,,,,,,
xxxCECC2P4,02 Aug 2022 - 00:00,,02 Sep 2022 - 00:00 (744 hours),,4,,(required),,,,,,,,,,,,,,,,,,
xxxCECC2P5,02 Aug 2022 - 00:00,,02 Sep 2022 - 00:00 (744 hours),,4,,(required),,,,,,,,,,,,,,,,,,
xxxCECC2P6,02 Aug 2022 - 00:00,,02 Sep 2022 - 00:00 (744 hours),,78,,(required),,,,,,,,,,,,,,,,,,
xxxCECC2P8,02 Aug 2022 - 00:00,,02 Sep 2022 - 00:00 (744 hours),,30,,(required),,,,,,,,,,,,,,,,,,
xxxCECC2P9,02 Aug 2022 - 00:00,,02 Sep 2022 - 00:00 (744 hours),,22,,(required),,,,,,,,,,,,,,,,,,
xxxCECC2PA,02 Aug 2022 - 00:00,,02 Sep 2022 - 00:00 (744 hours),,5,,(required),,,,,,,,,,,,,,,,,,
xxxCECC2PB,02 Aug 2022 - 00:00,,02 Sep 2022 - 00:00 (744 hours),,42,,(required),,,,,,,,,,,,,,,,,,
xxxCECC2PC,02 Aug 2022 - 00:00,,02 Sep 2022 - 00:00 (744 hours),,34,,(required),,,,,,,,,,,,,,,,,,
xxxCECC4P5,02 Aug 2022 - 00:00,,02 Sep 2022 - 00:00 (744 hours),,8,,(required),,,,,,,,,,,,,,,,,,
xxxCECC4P6,02 Aug 2022 - 00:00,,02 Sep 2022 - 00:00 (744 hours),,331,,(required),,,,,,,,,,,,,,,,,,
xxxCECC4P7,02 Aug 2022 - 00:00,,02 Sep 2022 - 00:00 (744 hours),,49,,(required),,,,,,,,,,,,,,,,,,
xxxCECC4P8,02 Aug 2022 - 00:00,,02 Sep 2022 - 00:00 (744 hours),,124,,(required),,,,,,,,,,,,,,,,,,
xxxan,,,,,,,,,,,,,,,,,,,,,,,,,
Total Missing Hours,,,14137,,,,,,,,,,,,,,,,,,,,,,
xxxan,,,,,,,,,,,,,,,,,,,,,,,,,
OS Product Name,OS Product ID,Est Peak MSU,Date/Time,xxxan,xxxCECC0PC,xxxCECC0PD,xxxCECC0P1,xxxCECC0P2,xxxCECC0P8,xxxCECC0P9,xxxCECC0PF,xxxCECC2P1,xxxCECC2P3,xxxCECC2P4,xxxCECC2P5,xxxCECC2P6,xxxCECC2P8,xxxCECC2P9,xxxCECC2PA,xxxCECC2PB,xxxCECC2PC,xxxCECC4P5,xxxCECC4P6,xxxCECC4P7,xxxCECC4P8
z/OS V2,5650-ZOS,4041,22 Aug 2022 - 12:00,,20,1,3654,61,10,5,1,5,31,3,3,50,7,7,3,20,15,4,12,8,121
xxxan,,,,,,,,,,,,,,,,,,,,,,,,,
==H6===============================================================,,,,,,,,,,,,,,,,,,,,,,,,,
MISSING CPC DATA DETAILS,,,,,,,,,,,,,,,,,,,,,,,,,
xxxan,,,,,,,,,,,,,,,,,,,,,,,,,
All expected data collected,,,,,,,,,,,,,,,,,,,,,,,,,
xxxan,,,,,,,,,,,,,,,,,,,,,,,,,
==L5===============================================================,,,,,,,,,,,,,,,,,,,,,,,,,
DETAIL DATA SECTIONS - FOR CUSTOMER ANALYSIS PURPOSES ONLY,,,,,,,,,,,,,,,,,,,,,,,,,
==M5===============================================================,,,,,,,,,,,,,,,,,,,,,,,,,
SMF / SCRT89 INPUT DATA STATISTICS,,,,,,,,,,,,,,,,,,,,,,,,,
xxxan,,,,,,,,,,,,,,,,,,,,,,,,,
xxxan,SYSID,Input Data Start,,Input Data End,,,,,,,,,,,,,,,,,,,,,
xxxan,,,,,,,,,,,,,,,,,,,,,,,,,
xxxCECC0PC,SY01,31 Jul 2022 - 23:00,,02 Sep 2022 - 00:00,,,,,,,,,,,,,,,,,,,,,
xxxCECC0PD,SY02,31 Jul 2022 - 23:00,,02 Sep 2022 - 00:00,,,,,,,,,,,,,,,,,,,,,
xxxCECC0P1,-,-,,-,,,,,,,,,,,,,,,,,,,,,
xxxCECC0P2,-,-,,-,,,,,,,,,,,,,,,,,,,,,
xxxCECC0P8,-,-,,-,,,,,,,,,,,,,,,,,,,,,
xxxCECC0P9,-,-,,-,,,,,,,,,,,,,,,,,,,,,
xxxCECC0PF,-,-,,-,,,,,,,,,,,,,,,,,,,,,
xxxCECC2P1,-,-,,-,,,,,,,,,,,,,,,,,,,,,
xxxCECC2P3,-,-,,-,,,,,,,,,,,,,,,,,,,,,
xxxCECC2P4,-,-,,-,,,,,,,,,,,,,,,,,,,,,
xxxCECC2P5,-,-,,-,,,,,,,,,,,,,,,,,,,,,
xxxCECC2P6,-,-,,-,,,,,,,,,,,,,,,,,,,,,
xxxCECC2P8,-,-,,-,,,,,,,,,,,,,,,,,,,,,
xxxCECC2P9,-,-,,-,,,,,,,,,,,,,,,,,,,,,
xxxCECC2PA,-,-,,-,,,,,,,,,,,,,,,,,,,,,
xxxCECC2PB,-,-,,-,,,,,,,,,,,,,,,,,,,,,
xxxCECC2PC,-,-,,-,,,,,,,,,,,,,,,,,,,,,
xxxCECC4P5,-,-,,-,,,,,,,,,,,,,,,,,,,,,
xxxCECC4P6,-,-,,-,,,,,,,,,,,,,,,,,,,,,
xxxCECC4P7,-,-,,-,,,,,,,,,,,,,,,,,,,,,
xxxCECC4P8,-,-,,-,,,,,,,,,,,,,,,,,,,,,
xxxan,,,,,,,,,,,,,,,,,,,,,,,,,
CPC,,31 Jul 2022 - 23:00,,02 Sep 2022 - 00:00,,,,,,,,,,,,,,,,,,,,,
xxxan,,,,,,,,,,,,,,,,,,,,,,,,,
==N5===============================================================,,,,,,,,,,,,,,,,,,,,,,,,,
DETAIL LPAR DATA SECTION,,,,,,,,,,,,,,,,,,,,,,,,,
xxxan,,,,,,,,,,,,,,,,,,,,,,,,,
xxxan,Highest,Hour Count,Date/Time,,2nd Highest,Hour Count,Date/Time,,,,,,,,,,,,,,,,,,
xxxan,,,,,,,,,,,,,,,,,,,,,,,,,
xxxCECC0PC,51,1,02 Aug 2022 - 02:00,,46,1,02 Aug 2022 - 03:00,,,,,,,,,,,,,,,,,,
xxxCECC0PD,2,65,02 Aug 2022 - 06:00,,1,678,02 Aug 2022 - 00:00,,,,,,,,,,,,,,,,,,
xxxan,,,,,,,,,,,,,,,,,,,,,,,,,
CPC,52,1,02 Aug 2022 - 02:00,,47,1,02 Aug 2022 - 03:00,,,,,,,,,,,,,,,,,,
xxxan,,,,,,,,,,,,,,,,,,,,,,,,,
==N7===============================================================,,,,,,,,,,,,,,,,,,,,,,,,,
DETAIL LPAR USAGE DATA SECTION,,,,,,,,,,,,,,,,,,,,,,,,,
xxxan,,,,,,,,,,,,,,,,,,,,,,,,,
xxxan,Total MSU Consumed,Peak Hour Consumption,Date/Time,OS,,,,,,,,,,,,,,,,,,,,,
xxxan,,,,,,,,,,,,,,,,,,,,,,,,,
xxxCECC0PC,15850,68,02 Aug 2022 - 01:00,z/OS,,,,,,,,,,,,,,,,,,,,,
xxxCECC0PD,1039,3,07 Aug 2022 - 06:00,z/OS,,,,,,,,,,,,,,,,,,,,,
xxxan,,,,,,,,,,,,,,,,,,,,,,,,,
CPC,16889,69,02 Aug 2022 - 01:00,,,,,,,,,,,,,,,,,,,,,,
xxxan,,,,,,,,,,,,,,,,,,,,,,,,,
==P5===============================================================,,,,,,,,,,,,,,,,,,,,,,,,,
PRODUCT MAX CONTRIBUTORS,,,,,,,,,,,,,,,,,,,,,,,,,
xxxan,,,,,,,,,,,,,,,,,,,,,,,,,
xxxan,,,,,LPAR,LPAR,,,,,,,,,,,,,,,,,,,
Product Name,Product ID,Highest,Date/Time,xxxan,xxxCECC0PC,xxxCECC0PD,xxxan,xxxan,xxxan,xxxan,xxxan,xxxan,xxxan,xxxan,xxxan,xxxan,xxxan,xxxan,xxxan,xxxan,xxxan,xxxan,xxxan,xxxan,xxxan
xxxan,,,,,,,,,,,,,,,,,,,,,,,,,
z/OS V2,5650-ZOS,52,02 Aug 2022 - 02:00,,51,1,,,,,,,,,,,,,,,,,,,
DB2 12 for z/OS,5650-DB2,51,02 Aug 2022 - 02:00,,51,0,,,,,,,,,,,,,,,,,,,
CICS TS for z/OS V5,5655-Y04,51,02 Aug 2022 - 02:00,,51,0,,,,,,,,,,,,,,,,,,,
IBM MQ for z/OS V9,5655-MQ9,51,02 Aug 2022 - 02:00,,51,0,,,,,,,,,,,,,,,,,,,
Tivoli NetView for z/OS V6,5697-NV6,52,02 Aug 2022 - 02:00,,51,1,,,,,,,,,,,,,,,,,,,
Tivoli Workload Scheduler,(All),52,02 Aug 2022 - 02:00,,51,1,,,,,,,,,,,,,,,,,,,
Tivoli Workload Scheduler for z/OS V9,5698-T08,52,02 Aug 2022 - 02:00,,51,1,,,,,,,,,,,,,,,,,,,
IBM Tivoli Workload Scheduler for Host Edition V8,5698-A17,52,02 Aug 2022 - 02:00,,51,1,,,,,,,,,,,,,,,,,,,
COBOL,(All),52,02 Aug 2022 - 02:00,,51,1,,,,,,,,,,,,,,,,,,,
Enterprise COBOL for z/OS V6,5655-EC6,44,08 Aug 2022 - 13:00,,44,0,,,,,,,,,,,,,,,,,,,
IBM Enterprise Cobol for z/OS V4,5655-S71,52,02 Aug 2022 - 02:00,,51,1,,,,,,,,,,,,,,,,,,,
IBM Enterprise PL/I for z/OS V4,5655-W67,52,02 Aug 2022 - 02:00,,51,1,,,,,,,,,,,,,,,,,,,
Debug Tool Utilities and Adv Functions for z/OS V8,5655-S16,52,02 Aug 2022 - 02:00,,51,1,,,,,,,,,,,,,,,,,,,
File Manager for z/OS V7,5655-R47,52,02 Aug 2022 - 02:00,,51,1,,,,,,,,,,,,,,,,,,,
IBM Tivoli Monitoring for Network Performance V2,5698-FNP,52,02 Aug 2022 - 02:00,,51,1,,,,,,,,,,,,,,,,,,,
IBM Tivoli System Automation for z/OS V4,5698-SA4,52,02 Aug 2022 - 02:00,,51,1,,,,,,,,,,,,,,,,,,,
IBM WebSphere MQ Integrator Broker for z/OS V2,5655-I58,52,02 Aug 2022 - 02:00,,51,1,,,,,,,,,,,,,,,,,,,
IBM WebSphere MQ Integrator for z/OS V2,5655-G97,52,02 Aug 2022 - 02:00,,51,1,,,,,,,,,,,,,,,,,,,
Tivoli OMEGAMON XE for Messaging V7,5698-B23,52,02 Aug 2022 - 02:00,,51,1,,,,,,,,,,,,,,,,,,,
Automated Tape Alloc Manager for z/OS V1,5697-H62,52,02 Aug 2022 - 02:00,,51,1,,,,,,,,,,,,,,,,,,,
IBM Application Delivery Foundation for z Systems V3,5655-AC6,51,02 Aug 2022 - 02:00,,51,0,,,,,,,,,,,,,,,,,,,
IPLA COBOL-Based,(All),52,02 Aug 2022 - 02:00,,51,1,,,,,,,,,,,,,,,,,,,
xxxan,,,,,,,,,,,,,,,,,,,,,,,,,
==Q5===============================================================,,,,,,,,,,,,,,,,,,,,,,,,,
PRODUCT GRID SNAPSHOT,,,,,,,,,,,,,,,,,,,,,,,,,
xxxan,,,,,,,,,,,,,,,,,,,,,,,,,
Product Name,Product ID,xxxan,xxxan,xxxan,xxxCECC0PC,xxxCECC0PD,xxxan,xxxan,xxxan,xxxan,xxxan,xxxan,xxxan,xxxan,xxxan,xxxan,xxxan,xxxan,xxxan,xxxan,xxxan,xxxan,xxxan,xxxan,xxxan
xxxan,,,,,,,,,,,,,,,,,,,,,,,,,
z/OS V2,5650-ZOS,,,,100.00%,100.00%,,,,,,,,,,,,,,,,,,,
DB2 12 for z/OS,5650-DB2,,,,100.00%,,,,,,,,,,,,,,,,,,,,
CICS TS for z/OS V5,5655-Y04,,,,99.70%,,,,,,,,,,,,,,,,,,,,
IBM MQ for z/OS V9,5655-MQ9,,,,100.00%,,,,,,,,,,,,,,,,,,,,
Tivoli Workload Scheduler,(All),,,,100.00%,100.00%,,,,,,,,,,,,,,,,,,,
COBOL,(All),,,,100.00%,100.00%,,,,,,,,,,,,,,,,,,,
Enterprise COBOL for z/OS V6,5655-EC6,,,,27.90%,,,,,,,,,,,,,,,,,,,,
IBM Application Delivery Foundation for z Systems V3,5655-AC6,,,,93.40%,,,,,,,,,,,,,,,,,,,,
IPLA COBOL-Based,(All),,,,100.00%,100.00%,,,,,,,,,,,,,,,,,,,
xxxan,,,,,,,,,,,,,,,,,,,,,,,,,
==W5===============================================================,,,,,,,,,,,,,,,,,,,,,,,,,
xxxan,,,,,,,,,,,,,,,,,,,,,,,,,
"This report is prepared by the IBM System z customer identified above (Customer) or its authorized designee, and such",,,,,,,,,,,,,,,,,,,,,,,,,
Customer is solely responsible for the completeness and accuracy of information and data used to create this report.,,,,,,,,,,,,,,,,,,,,,,,,,
"Specifically, IBM makes no representations or warranties regarding the contents or accuracy of this report.",,,,,,,,,,,,,,,,,,,,,,,,,
Any questions regarding the contents of this report should be directed to the Customer.,,,,,,,,,,,,,,,,,,,,,,,,,
xxxan,,,,,,,,,,,,,,,,,,,,,,,,,
A22250328E51349F50651H51090I50400J81299K40380K61433,,,,,,,,,,,,,,,,,,,,,,,,,
