==B5========= SCRT SUB-CAPACITY MVM REPORT - IBM Corp ====================,,,,,,,,,,,,,,,,,,,,,,,,,
xxxan,,,,,,,,,,,,,,,,,,,,,,,,,
Run Date/Time,05 Oct 2022 - 17:03,,,,,,,,,,,,,,,,,,,,,,,,
Customer Number,DE-S049458822,,,,,,,,,,,,,,,,,,,,,,,,
Machine Serial Number,84-28BD8,,,,,,,,,,,,,,,,,,,,,,,,
Machine Type and Model,3906-787,,,,,,,,,,,,,,,,,,,,,,,,
Machine Rated Capacity (MSUs),10198,,,,,,,,,,,,,,,,,,,,,,,,
Machine Peak Utilization,68,,,,,,,,,,,,,,,,,,,,,,,,
Machine MSU Consumed,18468,,,,,,,,,,,,,,,,,,,,,,,,
Purchase Order Number,(optional),,,,,,,,,,,,,,,,,,,,,,,,
Customer Comments (255 chars max),(optional),,,,,,,,,,,,,,,,,,,,,,,,
xxxan,,,,,,,,,,,,,,,,,,,,,,,,,
"For recurring charge (MLC) products, the data supplied in this report will be used to adjust",,,,,,,,,,,,,,,,,,,,,,,,,
the billable MSUs in inventory for all MLC Products listed under the MLC Product Name,,,,,,,,,,,,,,,,,,,,,,,,,
"column on this report.  In accordance with our agreement, IBM will treat a change in product",,,,,,,,,,,,,,,,,,,,,,,,,
"licensed capacity as an order.  If the MSUs have changed since the last report, software billing",,,,,,,,,,,,,,,,,,,,,,,,,
based on inventory MSUs will increase or decrease accordingly.,,,,,,,,,,,,,,,,,,,,,,,,,
xxxan,,,,,,,,,,,,,,,,,,,,,,,,,
"For One Time Charge (IPLA) products, the data supplied in this report will be used to",,,,,,,,,,,,,,,,,,,,,,,,,
bill those IPLA products listed under the IPLA Product Name column in this report which,,,,,,,,,,,,,,,,,,,,,,,,,
"exceed your entitled capacity. In accordance with our agreement, IBM will treat the use",,,,,,,,,,,,,,,,,,,,,,,,,
of a product in excess of its entitled capacity as an order and you will be billed for,,,,,,,,,,,,,,,,,,,,,,,,,
the amount in excess of your entitlement.,,,,,,,,,,,,,,,,,,,,,,,,,
xxxan,,,,,,,,,,,,,,,,,,,,,,,,,
==C5===============================================================,,,,,,,,,,,,,,,,,,,,,,,,,
TOOL INFORMATION,,,,,,,,,,,,,,,,,,,,,,,,,
xxxan,,,,,,,,,,,,,,,,,,,,,,,,,
Tool Release,28.2.4,,,,,,,,,,,,,,,,,,,,,,,,
Reporting Period,"2 Sep, 2022 - 1 Oct, 2022 inclusive (30 days)",,,,,,,,,,,,,,,,,,,,,,,,
xxxan,,,,,,,,,,,,,,,,,,,,,,,,,
==E5===============================================================,,,,,,,,,,,,,,,,,,,,,,,,,
PRODUCT SUMMARY INFORMATION,,,,,,,,,,,,,,,,,,,,,,,,,
xxxan,,,,,,,,,,,,,,,,,,,,,,,,,
MLC Product Name,MLC Product ID,Tool MSUs,Customer MSUs,Customer Comments (255 chars max),,,,,,,,,,,,,,,,,,,,,
xxxan,,,,,,,,,,,,,,,,,,,,,,,,,
z/OS V2,5650-ZOS,68,,,,,,,,,,,,,,,,,,,,,,,
DB2 12 for z/OS,5650-DB2,67,,,,,,,,,,,,,,,,,,,,,,,
CICS TS for z/OS V5,5655-Y04,67,,,,,,,,,,,,,,,,,,,,,,,
IBM MQ for z/OS V9,5655-MQ9,67,,,,,,,,,,,,,,,,,,,,,,,
Tivoli NetView for z/OS V6,5697-NV6,68,(optional),(conditional),,,,,,,,,,,,,,,,,,,,,
COBOL,(All),68,,,,,,,,,,,,,,,,,,,,,,,
Enterprise COBOL for z/OS V6,5655-EC6,45,,,,,,,,,,,,,,,,,,,,,,,
IBM Enterprise Cobol for z/OS V4,5655-S71,68,(optional),(conditional),,,,,,,,,,,,,,,,,,,,,
IBM Enterprise PL/I for z/OS V4,5655-W67,68,(optional),(conditional),,,,,,,,,,,,,,,,,,,,,
xxxan,,,,,,,,,,,,,,,,,,,,,,,,,
IPLA Product Name,IPLA Product ID,Tool MSUs,Customer MSUs,Customer Comments (255 chars max),,,,,,,,,,,,,,,,,,,,,
xxxan,,,,,,,,,,,,,,,,,,,,,,,,,
Tivoli Workload Scheduler,(All),68,,,,,,,,,,,,,,,,,,,,,,,
Tivoli Workload Scheduler for z/OS V9,5698-T08,68,(optional),(conditional),,,,,,,,,,,,,,,,,,,,,
IBM Tivoli Workload Scheduler for Host Edition V8,5698-A17,68,(optional),(conditional),,,,,,,,,,,,,,,,,,,,,
Debug Tool Utilities and Adv Functions for z/OS V8,5655-S16,68,(optional),(conditional),,,,,,,,,,,,,,,,,,,,,
File Manager for z/OS V7,5655-R47,68,(optional),(conditional),,,,,,,,,,,,,,,,,,,,,
IBM Tivoli Monitoring for Network Performance V2,5698-FNP,68,(optional),(conditional),,,,,,,,,,,,,,,,,,,,,
IBM Tivoli System Automation for z/OS V4,5698-SA4,68,(optional),(conditional),,,,,,,,,,,,,,,,,,,,,
IBM WebSphere MQ Integrator Broker for z/OS V2,5655-I58,68,(optional),(conditional),,,,,,,,,,,,,,,,,,,,,
IBM WebSphere MQ Integrator for z/OS V2,5655-G97,68,(optional),(conditional),,,,,,,,,,,,,,,,,,,,,
Tivoli OMEGAMON XE for Messaging V7,5698-B23,68,(optional),(conditional),,,,,,,,,,,,,,,,,,,,,
Automated Tape Alloc Manager for z/OS V1,5697-H62,68,(optional),(conditional),,,,,,,,,,,,,,,,,,,,,
IBM Application Delivery Foundation for z Systems V3,5655-AC6,67,,,,,,,,,,,,,,,,,,,,,,,
IPLA COBOL-Based,(All),68,,,,,,,,,,,,,,,,,,,,,,,
z/OS Unreduced,(All),68,,,,,,,,,,,,,,,,,,,,,,,
xxxan,,,,,,,,,,,,,,,,,,,,,,,,,
==F5===============================================================,,,,,,,,,,,,,,,,,,,,,,,,,
PRODUCT FEATURES,,,,,,,,,,,,,,,,,,,,,,,,,
xxxan,,,,,,,,,,,,,,,,,,,,,,,,,
Product Name,Product ID,Entitlement ID,Feature Name,,,,,,,,,,,,,,,,,,,,,,
xxxan,,,,,,,,,,,,,,,,,,,,,,,,,
z/OS V2,5650-ZOS,S01728Z,z/OS V2 XL C/C++,,,,,,,,,,,,,,,,,,,,,,
z/OS V2,5650-ZOS,S017290,z/OS V2 DFSMS dss,,,,,,,,,,,,,,,,,,,,,,
z/OS V2,5650-ZOS,S017291,z/OS V2 DFSMS dsshsm,,,,,,,,,,,,,,,,,,,,,,
z/OS V2,5650-ZOS,S017292,z/OS V2 DFSMS rmm,,,,,,,,,,,,,,,,,,,,,,
z/OS V2,5650-ZOS,S017294,z/OS V2 DFSORT,,,,,,,,,,,,,,,,,,,,,,
z/OS V2,5650-ZOS,S01729C,z/OS V2 RMF,,,,,,,,,,,,,,,,,,,,,,
z/OS V2,5650-ZOS,S01729D,z/OS V2 SDSF,,,,,,,,,,,,,,,,,,,,,,
z/OS V2,5650-ZOS,S01729F,z/OS V2 Security Server,,,,,,,,,,,,,,,,,,,,,,
xxxan,,,,,,,,,,,,,,,,,,,,,,,,,
OTHER REPORTABLE FEATURES,,,,,,,,,,,,,,,,,,,,,,,,,
xxxan,,,,,,,,,,,,,,,,,,,,,,,,,
Product Name,Product Id,Feature Name,,,,,,,,,,,,,,,,,,,,,,,
xxxan,,,,,,,,,,,,,,,,,,,,,,,,,
z/OS V2,5650-ZOS,JES2,,,,,,,,,,,,,,,,,,,,,,,
z/OS V2,5650-ZOS,RACF,,,,,,,,,,,,,,,,,,,,,,,
z/OS V2,5650-ZOS,TCP/IP BASE,,,,,,,,,,,,,,,,,,,,,,,
z/OS V2,5650-ZOS,TCP/IP CICS,,,,,,,,,,,,,,,,,,,,,,,
xxxan,,,,,,,,,,,,,,,,,,,,,,,,,
==G8===============================================================,,,,,,,,,,,,,,,,,,,,,,,,,
HOURS WITH BOOST ACTIVITY,,,,,,,,,,,,,,,,,,,,,,,,,
xxxan,,,,,,,,,,,,,,,,,,,,,,,,,
NO BOOST ACTIVITY,,,,,,,,,,,,,,,,,,,,,,,,,
xxxan,,,,,,,,,,,,,,,,,,,,,,,,,
==H4===============================================================,,,,,,,,,,,,,,,,,,,,,,,,,
MISSING LPAR DATA DETAILS,,,,,,,,,,,,,,,,,,,,,,,,,
xxxan,,,,,,,,,,,,,,,,,,,,,,,,,
Active LPARs with no SMF/SCRT89 records,Detected,,Resolved (missing hours),,Est Peak MSU,,Justification for low data collection (255 chars max),,,,,,,,,,,,,,,,,,
xxxCECC0P1,02 Sep 2022 - 00:00,,02 Oct 2022 - 00:00 (720 hours),,3647,,(required),,,,,,,,,,,,,,,,,,
xxxCECC0P2,02 Sep 2022 - 00:00,,02 Oct 2022 - 00:00 (720 hours),,146,,(required),,,,,,,,,,,,,,,,,,
xxxCECC0P8,02 Sep 2022 - 00:00,,02 Oct 2022 - 00:00 (720 hours),,28,,(required),,,,,,,,,,,,,,,,,,
xxxCECC0P9,02 Sep 2022 - 00:00,,02 Oct 2022 - 00:00 (720 hours),,10,,(required),,,,,,,,,,,,,,,,,,
xxxCECC0PF,02 Sep 2022 - 00:00,,02 Oct 2022 - 00:00 (720 hours),,5,,(required),,,,,,,,,,,,,,,,,,
xxxCECC2P1,02 Sep 2022 - 00:00,,02 Oct 2022 - 00:00 (720 hours),,9,,(required),,,,,,,,,,,,,,,,,,
xxxCECC2P3,02 Sep 2022 - 00:00,,02 Oct 2022 - 00:00 (720 hours),,45,,(required),,,,,,,,,,,,,,,,,,
xxxCECC2P4,02 Sep 2022 - 00:00,,02 Oct 2022 - 00:00 (720 hours),,4,,(required),,,,,,,,,,,,,,,,,,
xxxCECC2P5,02 Sep 2022 - 00:00,,02 Oct 2022 - 00:00 (720 hours),,5,,(required),,,,,,,,,,,,,,,,,,
xxxCECC2P6,02 Sep 2022 - 00:00,,02 Oct 2022 - 00:00 (720 hours),,89,,(required),,,,,,,,,,,,,,,,,,
xxxCECC2P8,02 Sep 2022 - 00:00,,02 Oct 2022 - 00:00 (720 hours),,19,,(required),,,,,,,,,,,,,,,,,,
xxxCECC2P9,02 Sep 2022 - 00:00,,02 Oct 2022 - 00:00 (720 hours),,12,,(required),,,,,,,,,,,,,,,,,,
xxxCECC2PA,02 Sep 2022 - 00:00,,02 Oct 2022 - 00:00 (720 hours),,6,,(required),,,,,,,,,,,,,,,,,,
xxxCECC2PB,02 Sep 2022 - 00:00,,02 Oct 2022 - 00:00 (720 hours),,70,,(required),,,,,,,,,,,,,,,,,,
xxxCECC2PC,02 Sep 2022 - 00:00,,02 Oct 2022 - 00:00 (720 hours),,40,,(required),,,,,,,,,,,,,,,,,,
xxxCECC4P5,02 Sep 2022 - 00:00,,02 Oct 2022 - 00:00 (720 hours),,5,,(required),,,,,,,,,,,,,,,,,,
xxxCECC4P6,02 Sep 2022 - 00:00,,02 Oct 2022 - 00:00 (720 hours),,336,,(required),,,,,,,,,,,,,,,,,,
xxxCECC4P7,02 Sep 2022 - 00:00,,02 Oct 2022 - 00:00 (720 hours),,97,,(required),,,,,,,,,,,,,,,,,,
xxxCECC4P8,02 Sep 2022 - 00:00,,02 Oct 2022 - 00:00 (720 hours),,122,,(required),,,,,,,,,,,,,,,,,,
xxxan,,,,,,,,,,,,,,,,,,,,,,,,,
Total Missing Hours,,,13680,,,,,,,,,,,,,,,,,,,,,,
xxxan,,,,,,,,,,,,,,,,,,,,,,,,,
OS Product Name,OS Product ID,Est Peak MSU,Date/Time,xxxan,xxxCECC0PC,xxxCECC0PD,xxxCECC0P1,xxxCECC0P2,xxxCECC0P8,xxxCECC0P9,xxxCECC0PF,xxxCECC2P1,xxxCECC2P3,xxxCECC2P4,xxxCECC2P5,xxxCECC2P6,xxxCECC2P8,xxxCECC2P9,xxxCECC2PA,xxxCECC2PB,xxxCECC2PC,xxxCECC4P5,xxxCECC4P6,xxxCECC4P7,xxxCECC4P8
z/OS V2,5650-ZOS,4090,05 Sep 2022 - 11:00,,29,2,3620,67,5,3,2,7,32,3,3,61,7,8,4,25,11,4,112,81,4
xxxan,,,,,,,,,,,,,,,,,,,,,,,,,
==H6===============================================================,,,,,,,,,,,,,,,,,,,,,,,,,
MISSING CPC DATA DETAILS,,,,,,,,,,,,,,,,,,,,,,,,,
xxxan,,,,,,,,,,,,,,,,,,,,,,,,,
All expected data collected,,,,,,,,,,,,,,,,,,,,,,,,,
xxxan,,,,,,,,,,,,,,,,,,,,,,,,,
==L5===============================================================,,,,,,,,,,,,,,,,,,,,,,,,,
DETAIL DATA SECTIONS - FOR CUSTOMER ANALYSIS PURPOSES ONLY,,,,,,,,,,,,,,,,,,,,,,,,,
==M5===============================================================,,,,,,,,,,,,,,,,,,,,,,,,,
SMF / SCRT89 INPUT DATA STATISTICS,,,,,,,,,,,,,,,,,,,,,,,,,
xxxan,,,,,,,,,,,,,,,,,,,,,,,,,
xxxan,SYSID,Input Data Start,,Input Data End,,,,,,,,,,,,,,,,,,,,,
xxxan,,,,,,,,,,,,,,,,,,,,,,,,,
xxxCECC0PC,SY01,30 Aug 2022 - 23:00,,02 Oct 2022 - 00:00,,,,,,,,,,,,,,,,,,,,,
xxxCECC0PD,SY02,30 Aug 2022 - 23:00,,02 Oct 2022 - 00:00,,,,,,,,,,,,,,,,,,,,,
xxxCECC0P1,-,-,,-,,,,,,,,,,,,,,,,,,,,,
xxxCECC0P2,-,-,,-,,,,,,,,,,,,,,,,,,,,,
xxxCECC0P8,-,-,,-,,,,,,,,,,,,,,,,,,,,,
xxxCECC0P9,-,-,,-,,,,,,,,,,,,,,,,,,,,,
xxxCECC0PF,-,-,,-,,,,,,,,,,,,,,,,,,,,,
xxxCECC2P1,-,-,,-,,,,,,,,,,,,,,,,,,,,,
xxxCECC2P3,-,-,,-,,,,,,,,,,,,,,,,,,,,,
xxxCECC2P4,-,-,,-,,,,,,,,,,,,,,,,,,,,,
xxxCECC2P5,-,-,,-,,,,,,,,,,,,,,,,,,,,,
xxxCECC2P6,-,-,,-,,,,,,,,,,,,,,,,,,,,,
xxxCECC2P8,-,-,,-,,,,,,,,,,,,,,,,,,,,,
xxxCECC2P9,-,-,,-,,,,,,,,,,,,,,,,,,,,,
xxxCECC2PA,-,-,,-,,,,,,,,,,,,,,,,,,,,,
xxxCECC2PB,-,-,,-,,,,,,,,,,,,,,,,,,,,,
xxxCECC2PC,-,-,,-,,,,,,,,,,,,,,,,,,,,,
xxxCECC4P5,-,-,,-,,,,,,,,,,,,,,,,,,,,,
xxxCECC4P6,-,-,,-,,,,,,,,,,,,,,,,,,,,,
xxxCECC4P7,-,-,,-,,,,,,,,,,,,,,,,,,,,,
xxxCECC4P8,-,-,,-,,,,,,,,,,,,,,,,,,,,,
xxxan,,,,,,,,,,,,,,,,,,,,,,,,,
CPC,,30 Aug 2022 - 23:00,,02 Oct 2022 - 00:00,,,,,,,,,,,,,,,,,,,,,
xxxan,,,,,,,,,,,,,,,,,,,,,,,,,
==N5===============================================================,,,,,,,,,,,,,,,,,,,,,,,,,
DETAIL LPAR DATA SECTION,,,,,,,,,,,,,,,,,,,,,,,,,
xxxan,,,,,,,,,,,,,,,,,,,,,,,,,
xxxan,Highest,Hour Count,Date/Time,,2nd Highest,Hour Count,Date/Time,,,,,,,,,,,,,,,,,,
xxxan,,,,,,,,,,,,,,,,,,,,,,,,,
xxxCECC0PC,67,1,24 Sep 2022 - 17:00,,64,1,24 Sep 2022 - 22:00,,,,,,,,,,,,,,,,,,
xxxCECC0PD,3,170,02 Sep 2022 - 06:00,,2,261,02 Sep 2022 - 04:00,,,,,,,,,,,,,,,,,,
xxxan,,,,,,,,,,,,,,,,,,,,,,,,,
CPC,68,1,24 Sep 2022 - 17:00,,65,1,24 Sep 2022 - 22:00,,,,,,,,,,,,,,,,,,
xxxan,,,,,,,,,,,,,,,,,,,,,,,,,
==N7===============================================================,,,,,,,,,,,,,,,,,,,,,,,,,
DETAIL LPAR USAGE DATA SECTION,,,,,,,,,,,,,,,,,,,,,,,,,
xxxan,,,,,,,,,,,,,,,,,,,,,,,,,
xxxan,Total MSU Consumed,Peak Hour Consumption,Date/Time,OS,,,,,,,,,,,,,,,,,,,,,
xxxan,,,,,,,,,,,,,,,,,,,,,,,,,
xxxCECC0PC,16739,71,24 Sep 2022 - 19:00,z/OS,,,,,,,,,,,,,,,,,,,,,
xxxCECC0PD,1729,4,02 Sep 2022 - 06:00,z/OS,,,,,,,,,,,,,,,,,,,,,
xxxan,,,,,,,,,,,,,,,,,,,,,,,,,
CPC,18468,72,24 Sep 2022 - 19:00,,,,,,,,,,,,,,,,,,,,,,
xxxan,,,,,,,,,,,,,,,,,,,,,,,,,
==P5===============================================================,,,,,,,,,,,,,,,,,,,,,,,,,
PRODUCT MAX CONTRIBUTORS,,,,,,,,,,,,,,,,,,,,,,,,,
xxxan,,,,,,,,,,,,,,,,,,,,,,,,,
xxxan,,,,,LPAR,LPAR,,,,,,,,,,,,,,,,,,,
Product Name,Product ID,Highest,Date/Time,xxxan,xxxCECC0PC,xxxCECC0PD,xxxan,xxxan,xxxan,xxxan,xxxan,xxxan,xxxan,xxxan,xxxan,xxxan,xxxan,xxxan,xxxan,xxxan,xxxan,xxxan,xxxan,xxxan,xxxan
xxxan,,,,,,,,,,,,,,,,,,,,,,,,,
z/OS V2,5650-ZOS,68,24 Sep 2022 - 17:00,,67,1,,,,,,,,,,,,,,,,,,,
DB2 12 for z/OS,5650-DB2,67,24 Sep 2022 - 17:00,,67,0,,,,,,,,,,,,,,,,,,,
CICS TS for z/OS V5,5655-Y04,67,24 Sep 2022 - 17:00,,67,0,,,,,,,,,,,,,,,,,,,
IBM MQ for z/OS V9,5655-MQ9,67,24 Sep 2022 - 17:00,,67,0,,,,,,,,,,,,,,,,,,,
Tivoli NetView for z/OS V6,5697-NV6,68,24 Sep 2022 - 17:00,,67,1,,,,,,,,,,,,,,,,,,,
Tivoli Workload Scheduler,(All),68,24 Sep 2022 - 17:00,,67,1,,,,,,,,,,,,,,,,,,,
Tivoli Workload Scheduler for z/OS V9,5698-T08,68,24 Sep 2022 - 17:00,,67,1,,,,,,,,,,,,,,,,,,,
IBM Tivoli Workload Scheduler for Host Edition V8,5698-A17,68,24 Sep 2022 - 17:00,,67,1,,,,,,,,,,,,,,,,,,,
COBOL,(All),68,24 Sep 2022 - 17:00,,67,1,,,,,,,,,,,,,,,,,,,
Enterprise COBOL for z/OS V6,5655-EC6,45,28 Sep 2022 - 08:00,,45,0,,,,,,,,,,,,,,,,,,,
IBM Enterprise Cobol for z/OS V4,5655-S71,68,24 Sep 2022 - 17:00,,67,1,,,,,,,,,,,,,,,,,,,
IBM Enterprise PL/I for z/OS V4,5655-W67,68,24 Sep 2022 - 17:00,,67,1,,,,,,,,,,,,,,,,,,,
Debug Tool Utilities and Adv Functions for z/OS V8,5655-S16,68,24 Sep 2022 - 17:00,,67,1,,,,,,,,,,,,,,,,,,,
File Manager for z/OS V7,5655-R47,68,24 Sep 2022 - 17:00,,67,1,,,,,,,,,,,,,,,,,,,
IBM Tivoli Monitoring for Network Performance V2,5698-FNP,68,24 Sep 2022 - 17:00,,67,1,,,,,,,,,,,,,,,,,,,
IBM Tivoli System Automation for z/OS V4,5698-SA4,68,24 Sep 2022 - 17:00,,67,1,,,,,,,,,,,,,,,,,,,
IBM WebSphere MQ Integrator Broker for z/OS V2,5655-I58,68,24 Sep 2022 - 17:00,,67,1,,,,,,,,,,,,,,,,,,,
IBM WebSphere MQ Integrator for z/OS V2,5655-G97,68,24 Sep 2022 - 17:00,,67,1,,,,,,,,,,,,,,,,,,,
Tivoli OMEGAMON XE for Messaging V7,5698-B23,68,24 Sep 2022 - 17:00,,67,1,,,,,,,,,,,,,,,,,,,
Automated Tape Alloc Manager for z/OS V1,5697-H62,68,24 Sep 2022 - 17:00,,67,1,,,,,,,,,,,,,,,,,,,
IBM Application Delivery Foundation for z Systems V3,5655-AC6,67,24 Sep 2022 - 17:00,,67,0,,,,,,,,,,,,,,,,,,,
IPLA COBOL-Based,(All),68,24 Sep 2022 - 17:00,,67,1,,,,,,,,,,,,,,,,,,,
xxxan,,,,,,,,,,,,,,,,,,,,,,,,,
==Q5===============================================================,,,,,,,,,,,,,,,,,,,,,,,,,
PRODUCT GRID SNAPSHOT,,,,,,,,,,,,,,,,,,,,,,,,,
xxxan,,,,,,,,,,,,,,,,,,,,,,,,,
Product Name,Product ID,xxxan,xxxan,xxxan,xxxCECC0PC,xxxCECC0PD,xxxan,xxxan,xxxan,xxxan,xxxan,xxxan,xxxan,xxxan,xxxan,xxxan,xxxan,xxxan,xxxan,xxxan,xxxan,xxxan,xxxan,xxxan,xxxan
xxxan,,,,,,,,,,,,,,,,,,,,,,,,,
z/OS V2,5650-ZOS,,,,100.00%,100.00%,,,,,,,,,,,,,,,,,,,
DB2 12 for z/OS,5650-DB2,,,,99.80%,,,,,,,,,,,,,,,,,,,,
CICS TS for z/OS V5,5655-Y04,,,,99.70%,,,,,,,,,,,,,,,,,,,,
IBM MQ for z/OS V9,5655-MQ9,,,,100.00%,,,,,,,,,,,,,,,,,,,,
Tivoli Workload Scheduler,(All),,,,100.00%,100.00%,,,,,,,,,,,,,,,,,,,
COBOL,(All),,,,100.00%,100.00%,,,,,,,,,,,,,,,,,,,
Enterprise COBOL for z/OS V6,5655-EC6,,,,30.50%,,,,,,,,,,,,,,,,,,,,
IBM Application Delivery Foundation for z Systems V3,5655-AC6,,,,92.70%,,,,,,,,,,,,,,,,,,,,
IPLA COBOL-Based,(All),,,,100.00%,100.00%,,,,,,,,,,,,,,,,,,,
xxxan,,,,,,,,,,,,,,,,,,,,,,,,,
==W5===============================================================,,,,,,,,,,,,,,,,,,,,,,,,,
xxxan,,,,,,,,,,,,,,,,,,,,,,,,,
"This report is prepared by the IBM System z customer identified above (Customer) or its authorized designee, and such",,,,,,,,,,,,,,,,,,,,,,,,,
Customer is solely responsible for the completeness and accuracy of information and data used to create this report.,,,,,,,,,,,,,,,,,,,,,,,,,
"Specifically, IBM makes no representations or warranties regarding the contents or accuracy of this report.",,,,,,,,,,,,,,,,,,,,,,,,,
Any questions regarding the contents of this report should be directed to the Customer.,,,,,,,,,,,,,,,,,,,,,,,,,
xxxan,,,,,,,,,,,,,,,,,,,,,,,,,
A22278238E51365F52467H50995I51825J81299K42398K61433,,,,,,,,,,,,,,,,,,,,,,,,,
